instructor_id,instructor_name,instructor_email,instructor_bio,instructor_expertise,instructor_country
1,Instructor 1,instructor1@example.com,Bio of instructor 1,Science,Canada
2,Instructor 2,instructor2@example.com,Bio of instructor 2,Science,India
3,Instructor 3,instructor3@example.com,Bio of instructor 3,Arts,UK
4,Instructor 4,instructor4@example.com,Bio of instructor 4,Business,Canada
5,Instructor 5,instructor5@example.com,Bio of instructor 5,Business,India
6,Instructor 6,instructor6@example.com,Bio of instructor 6,Programming,India
7,Instructor 7,instructor7@example.com,Bio of instructor 7,Business,Australia
8,Instructor 8,instructor8@example.com,Bio of instructor 8,Arts,USA
9,Instructor 9,instructor9@example.com,Bio of instructor 9,Arts,India
10,Instructor 10,instructor10@example.com,Bio of instructor 10,Arts,USA
11,Instructor 11,instructor11@example.com,Bio of instructor 11,Math,Canada
12,Instructor 12,instructor12@example.com,Bio of instructor 12,Programming,Australia
13,Instructor 13,instructor13@example.com,Bio of instructor 13,Math,Canada
14,Instructor 14,instructor14@example.com,Bio of instructor 14,Science,UK
15,Instructor 15,instructor15@example.com,Bio of instructor 15,Science,UK
16,Instructor 16,instructor16@example.com,Bio of instructor 16,Math,Australia
17,Instructor 17,instructor17@example.com,Bio of instructor 17,Programming,Canada
18,Instructor 18,instructor18@example.com,Bio of instructor 18,Business,UK
19,Instructor 19,instructor19@example.com,Bio of instructor 19,Programming,Australia
20,Instructor 20,instructor20@example.com,Bio of instructor 20,Programming,India
21,Instructor 21,instructor21@example.com,Bio of instructor 21,Science,India
22,Instructor 22,instructor22@example.com,Bio of instructor 22,Business,UK
23,Instructor 23,instructor23@example.com,Bio of instructor 23,Math,USA
24,Instructor 24,instructor24@example.com,Bio of instructor 24,Arts,UK
25,Instructor 25,instructor25@example.com,Bio of instructor 25,Math,Canada
26,Instructor 26,instructor26@example.com,Bio of instructor 26,Math,Australia
27,Instructor 27,instructor27@example.com,Bio of instructor 27,Science,Canada
28,Instructor 28,instructor28@example.com,Bio of instructor 28,Business,Australia
29,Instructor 29,instructor29@example.com,Bio of instructor 29,Arts,Australia
30,Instructor 30,instructor30@example.com,Bio of instructor 30,Arts,Canada
31,Instructor 31,instructor31@example.com,Bio of instructor 31,Science,Australia
32,Instructor 32,instructor32@example.com,Bio of instructor 32,Math,Canada
33,Instructor 33,instructor33@example.com,Bio of instructor 33,Arts,UK
34,Instructor 34,instructor34@example.com,Bio of instructor 34,Science,UK
35,Instructor 35,instructor35@example.com,Bio of instructor 35,Programming,USA
36,Instructor 36,instructor36@example.com,Bio of instructor 36,Programming,Australia
37,Instructor 37,instructor37@example.com,Bio of instructor 37,Business,Canada
38,Instructor 38,instructor38@example.com,Bio of instructor 38,Programming,India
39,Instructor 39,instructor39@example.com,Bio of instructor 39,Science,India
40,Instructor 40,instructor40@example.com,Bio of instructor 40,Arts,USA
41,Instructor 41,instructor41@example.com,Bio of instructor 41,Arts,Australia
42,Instructor 42,instructor42@example.com,Bio of instructor 42,Programming,USA
43,Instructor 43,instructor43@example.com,Bio of instructor 43,Math,Australia
44,Instructor 44,instructor44@example.com,Bio of instructor 44,Business,India
45,Instructor 45,instructor45@example.com,Bio of instructor 45,Math,Canada
46,Instructor 46,instructor46@example.com,Bio of instructor 46,Science,UK
47,Instructor 47,instructor47@example.com,Bio of instructor 47,Math,Canada
48,Instructor 48,instructor48@example.com,Bio of instructor 48,Arts,India
49,Instructor 49,instructor49@example.com,Bio of instructor 49,Programming,UK
50,Instructor 50,instructor50@example.com,Bio of instructor 50,Arts,India
