user_id,user_name,user_email,user_gender,user_age,user_country,user_registration_date
1,User 1,user1@example.com,Male,57,UK,2022-11-15 00:00:00
2,User 2,user2@example.com,Male,46,UK,2023-06-12 00:00:00
3,User 3,user3@example.com,Other,21,USA,2022-03-27 00:00:00
4,User 4,user4@example.com,Male,49,India,2022-10-28 00:00:00
5,User 5,user5@example.com,Female,50,Canada,2023-02-23 00:00:00
6,User 6,user6@example.com,Male,59,Canada,2021-03-01 00:00:00
7,User 7,user7@example.com,Other,31,Australia,2023-10-31 00:00:00
8,User 8,user8@example.com,Female,55,Canada,2022-05-08 00:00:00
9,User 9,user9@example.com,Male,24,Australia,2021-08-02 00:00:00
10,User 10,user10@example.com,Male,22,Australia,2020-03-29 00:00:00
11,User 11,user11@example.com,Male,51,Canada,2023-04-16 00:00:00
12,User 12,user12@example.com,Male,49,USA,2020-11-09 00:00:00
13,User 13,user13@example.com,Other,26,Canada,2021-10-17 00:00:00
14,User 14,user14@example.com,Other,58,USA,2022-12-17 00:00:00
15,User 15,user15@example.com,Male,27,India,2022-11-25 00:00:00
16,User 16,user16@example.com,Male,18,Australia,2023-11-18 00:00:00
17,User 17,user17@example.com,Female,33,Canada,2020-11-25 00:00:00
18,User 18,user18@example.com,Male,51,UK,2020-10-23 00:00:00
19,User 19,user19@example.com,Female,59,UK,2021-09-14 00:00:00
20,User 20,user20@example.com,Other,29,USA,2021-07-09 00:00:00
21,User 21,user21@example.com,Male,40,USA,2023-09-18 00:00:00
22,User 22,user22@example.com,Male,26,India,2020-11-17 00:00:00
23,User 23,user23@example.com,Female,55,USA,2021-01-28 00:00:00
24,User 24,user24@example.com,Female,50,Australia,2022-05-04 00:00:00
25,User 25,user25@example.com,Male,57,Australia,2020-02-08 00:00:00
26,User 26,user26@example.com,Other,29,Canada,2023-08-14 00:00:00
27,User 27,user27@example.com,Female,49,USA,2023-02-14 00:00:00
28,User 28,user28@example.com,Male,40,Australia,2020-06-10 00:00:00
29,User 29,user29@example.com,Other,31,Canada,2021-12-07 00:00:00
30,User 30,user30@example.com,Other,24,USA,2022-07-29 00:00:00
31,User 31,user31@example.com,Female,50,Canada,2022-04-25 00:00:00
32,User 32,user32@example.com,Male,47,Canada,2022-04-06 00:00:00
33,User 33,user33@example.com,Other,48,Australia,2022-02-18 00:00:00
34,User 34,user34@example.com,Female,20,Australia,2023-05-24 00:00:00
35,User 35,user35@example.com,Male,40,Canada,2020-02-02 00:00:00
36,User 36,user36@example.com,Other,37,India,2021-09-30 00:00:00
37,User 37,user37@example.com,Other,44,UK,2023-09-13 00:00:00
38,User 38,user38@example.com,Other,20,USA,2022-03-20 00:00:00
39,User 39,user39@example.com,Female,57,Canada,2021-03-30 00:00:00
40,User 40,user40@example.com,Female,35,Australia,2023-01-25 00:00:00
41,User 41,user41@example.com,Other,35,Australia,2020-09-03 00:00:00
42,User 42,user42@example.com,Female,54,UK,2021-11-05 00:00:00
43,User 43,user43@example.com,Female,28,Australia,2022-10-02 00:00:00
44,User 44,user44@example.com,Other,47,UK,2022-12-26 00:00:00
45,User 45,user45@example.com,Male,26,UK,2022-06-19 00:00:00
46,User 46,user46@example.com,Male,26,USA,2020-03-10 00:00:00
47,User 47,user47@example.com,Male,30,UK,2023-12-13 00:00:00
48,User 48,user48@example.com,Other,31,USA,2021-08-29 00:00:00
49,User 49,user49@example.com,Other,53,Australia,2023-02-17 00:00:00
50,User 50,user50@example.com,Other,27,India,2021-12-18 00:00:00
51,User 51,user51@example.com,Male,34,USA,2022-08-19 00:00:00
52,User 52,user52@example.com,Other,19,USA,2020-09-24 00:00:00
53,User 53,user53@example.com,Other,34,Australia,2020-06-29 00:00:00
54,User 54,user54@example.com,Male,59,USA,2023-10-24 00:00:00
55,User 55,user55@example.com,Female,49,India,2020-12-25 00:00:00
56,User 56,user56@example.com,Female,51,Canada,2022-08-18 00:00:00
57,User 57,user57@example.com,Other,51,UK,2021-03-17 00:00:00
58,User 58,user58@example.com,Female,52,India,2023-11-05 00:00:00
59,User 59,user59@example.com,Female,55,Canada,2023-04-21 00:00:00
60,User 60,user60@example.com,Female,35,USA,2021-07-31 00:00:00
61,User 61,user61@example.com,Other,53,India,2021-07-03 00:00:00
62,User 62,user62@example.com,Male,19,Australia,2022-03-22 00:00:00
63,User 63,user63@example.com,Other,19,India,2022-10-30 00:00:00
64,User 64,user64@example.com,Male,57,UK,2020-06-22 00:00:00
65,User 65,user65@example.com,Female,24,India,2020-07-30 00:00:00
66,User 66,user66@example.com,Female,41,USA,2020-04-10 00:00:00
67,User 67,user67@example.com,Female,33,Australia,2022-01-24 00:00:00
68,User 68,user68@example.com,Female,47,Canada,2023-04-08 00:00:00
69,User 69,user69@example.com,Female,39,UK,2020-08-16 00:00:00
70,User 70,user70@example.com,Other,29,UK,2021-03-09 00:00:00
71,User 71,user71@example.com,Male,40,Canada,2023-12-30 00:00:00
72,User 72,user72@example.com,Other,27,India,2022-10-15 00:00:00
73,User 73,user73@example.com,Female,35,USA,2020-04-20 00:00:00
74,User 74,user74@example.com,Female,33,Canada,2022-01-28 00:00:00
75,User 75,user75@example.com,Female,42,Australia,2020-05-03 00:00:00
76,User 76,user76@example.com,Female,38,Australia,2022-02-14 00:00:00
77,User 77,user77@example.com,Other,37,India,2022-04-09 00:00:00
78,User 78,user78@example.com,Other,27,UK,2021-07-30 00:00:00
79,User 79,user79@example.com,Other,23,Australia,2021-02-22 00:00:00
80,User 80,user80@example.com,Female,51,USA,2022-06-12 00:00:00
81,User 81,user81@example.com,Female,42,USA,2021-10-09 00:00:00
82,User 82,user82@example.com,Other,48,Canada,2022-06-13 00:00:00
83,User 83,user83@example.com,Other,35,Canada,2021-03-05 00:00:00
84,User 84,user84@example.com,Male,36,Australia,2023-08-31 00:00:00
85,User 85,user85@example.com,Female,29,Canada,2022-08-27 00:00:00
86,User 86,user86@example.com,Other,40,USA,2020-08-08 00:00:00
87,User 87,user87@example.com,Male,46,India,2022-10-11 00:00:00
88,User 88,user88@example.com,Female,39,USA,2023-03-05 00:00:00
89,User 89,user89@example.com,Female,36,India,2023-04-03 00:00:00
90,User 90,user90@example.com,Other,47,Australia,2023-07-07 00:00:00
91,User 91,user91@example.com,Male,43,UK,2023-03-19 00:00:00
92,User 92,user92@example.com,Male,41,Canada,2023-04-13 00:00:00
93,User 93,user93@example.com,Other,55,UK,2022-06-21 00:00:00
94,User 94,user94@example.com,Male,57,Canada,2020-08-07 00:00:00
95,User 95,user95@example.com,Other,58,Canada,2022-07-28 00:00:00
96,User 96,user96@example.com,Female,23,USA,2021-01-24 00:00:00
97,User 97,user97@example.com,Male,48,UK,2022-12-18 00:00:00
98,User 98,user98@example.com,Female,35,India,2022-02-05 00:00:00
99,User 99,user99@example.com,Other,24,Canada,2020-08-16 00:00:00
100,User 100,user100@example.com,Other,22,Australia,2023-07-18 00:00:00
101,User 101,user101@example.com,Male,52,Australia,2022-10-24 00:00:00
102,User 102,user102@example.com,Female,31,India,2023-04-19 00:00:00
103,User 103,user103@example.com,Other,59,UK,2021-04-27 00:00:00
104,User 104,user104@example.com,Female,21,UK,2020-11-15 00:00:00
105,User 105,user105@example.com,Male,26,Canada,2021-11-19 00:00:00
106,User 106,user106@example.com,Female,42,India,2023-05-11 00:00:00
107,User 107,user107@example.com,Male,37,UK,2020-06-06 00:00:00
108,User 108,user108@example.com,Female,55,Australia,2021-06-05 00:00:00
109,User 109,user109@example.com,Male,51,USA,2023-09-24 00:00:00
110,User 110,user110@example.com,Male,26,Canada,2021-08-03 00:00:00
111,User 111,user111@example.com,Male,38,UK,2022-04-11 00:00:00
112,User 112,user112@example.com,Female,28,Canada,2021-02-19 00:00:00
113,User 113,user113@example.com,Male,36,USA,2022-07-14 00:00:00
114,User 114,user114@example.com,Female,58,India,2020-08-04 00:00:00
115,User 115,user115@example.com,Other,46,India,2023-03-15 00:00:00
116,User 116,user116@example.com,Female,52,UK,2023-06-10 00:00:00
117,User 117,user117@example.com,Male,43,Australia,2020-09-22 00:00:00
118,User 118,user118@example.com,Other,59,India,2022-05-30 00:00:00
119,User 119,user119@example.com,Female,48,Australia,2020-07-03 00:00:00
120,User 120,user120@example.com,Other,35,USA,2023-12-19 00:00:00
121,User 121,user121@example.com,Female,23,India,2022-01-12 00:00:00
122,User 122,user122@example.com,Female,47,India,2022-06-11 00:00:00
123,User 123,user123@example.com,Other,50,USA,2022-08-06 00:00:00
124,User 124,user124@example.com,Female,34,UK,2023-09-21 00:00:00
125,User 125,user125@example.com,Other,54,Canada,2023-08-24 00:00:00
126,User 126,user126@example.com,Male,41,India,2020-10-02 00:00:00
127,User 127,user127@example.com,Female,29,Canada,2021-08-29 00:00:00
128,User 128,user128@example.com,Female,20,USA,2023-09-24 00:00:00
129,User 129,user129@example.com,Other,19,India,2022-07-02 00:00:00
130,User 130,user130@example.com,Female,46,Canada,2023-03-08 00:00:00
131,User 131,user131@example.com,Female,42,Australia,2023-04-19 00:00:00
132,User 132,user132@example.com,Female,41,India,2021-05-26 00:00:00
133,User 133,user133@example.com,Male,53,USA,2021-11-28 00:00:00
134,User 134,user134@example.com,Male,55,Canada,2023-06-10 00:00:00
135,User 135,user135@example.com,Male,25,Canada,2023-12-23 00:00:00
136,User 136,user136@example.com,Male,23,UK,2020-07-24 00:00:00
137,User 137,user137@example.com,Male,25,Australia,2021-02-24 00:00:00
138,User 138,user138@example.com,Other,47,India,2020-03-12 00:00:00
139,User 139,user139@example.com,Female,18,Australia,2023-07-12 00:00:00
140,User 140,user140@example.com,Female,24,USA,2021-03-03 00:00:00
141,User 141,user141@example.com,Other,43,Australia,2022-05-16 00:00:00
142,User 142,user142@example.com,Male,21,Canada,2021-12-05 00:00:00
143,User 143,user143@example.com,Other,36,Canada,2020-08-01 00:00:00
144,User 144,user144@example.com,Other,46,Australia,2022-07-17 00:00:00
145,User 145,user145@example.com,Female,27,India,2022-06-10 00:00:00
146,User 146,user146@example.com,Male,46,Australia,2021-08-05 00:00:00
147,User 147,user147@example.com,Female,28,Australia,2022-07-26 00:00:00
148,User 148,user148@example.com,Female,35,Australia,2022-12-22 00:00:00
149,User 149,user149@example.com,Other,39,Australia,2023-10-23 00:00:00
150,User 150,user150@example.com,Male,31,USA,2023-08-11 00:00:00
151,User 151,user151@example.com,Other,33,Canada,2021-07-16 00:00:00
152,User 152,user152@example.com,Female,40,UK,2020-07-02 00:00:00
153,User 153,user153@example.com,Other,29,Australia,2020-01-13 00:00:00
154,User 154,user154@example.com,Male,20,India,2022-07-21 00:00:00
155,User 155,user155@example.com,Female,19,UK,2022-02-13 00:00:00
156,User 156,user156@example.com,Female,54,Canada,2021-03-25 00:00:00
157,User 157,user157@example.com,Female,31,Australia,2021-07-21 00:00:00
158,User 158,user158@example.com,Female,34,Australia,2022-09-16 00:00:00
159,User 159,user159@example.com,Female,58,India,2020-05-12 00:00:00
160,User 160,user160@example.com,Male,54,India,2020-07-18 00:00:00
161,User 161,user161@example.com,Male,26,USA,2022-11-09 00:00:00
162,User 162,user162@example.com,Female,29,Canada,2022-12-18 00:00:00
163,User 163,user163@example.com,Male,42,India,2023-12-16 00:00:00
164,User 164,user164@example.com,Other,31,Australia,2020-09-03 00:00:00
165,User 165,user165@example.com,Female,43,USA,2021-05-28 00:00:00
166,User 166,user166@example.com,Male,23,UK,2020-04-21 00:00:00
167,User 167,user167@example.com,Male,24,UK,2021-11-26 00:00:00
168,User 168,user168@example.com,Male,20,USA,2023-11-08 00:00:00
169,User 169,user169@example.com,Male,44,India,2022-10-07 00:00:00
170,User 170,user170@example.com,Female,49,India,2022-07-22 00:00:00
171,User 171,user171@example.com,Male,38,USA,2021-01-02 00:00:00
172,User 172,user172@example.com,Male,41,Australia,2021-12-08 00:00:00
173,User 173,user173@example.com,Other,26,USA,2022-10-13 00:00:00
174,User 174,user174@example.com,Other,51,India,2023-10-10 00:00:00
175,User 175,user175@example.com,Female,57,UK,2022-08-03 00:00:00
176,User 176,user176@example.com,Male,44,Australia,2020-07-26 00:00:00
177,User 177,user177@example.com,Female,43,India,2020-12-03 00:00:00
178,User 178,user178@example.com,Male,45,Canada,2020-05-07 00:00:00
179,User 179,user179@example.com,Other,48,UK,2022-02-03 00:00:00
180,User 180,user180@example.com,Female,55,Canada,2023-04-30 00:00:00
181,User 181,user181@example.com,Male,55,UK,2022-12-20 00:00:00
182,User 182,user182@example.com,Male,39,USA,2023-03-16 00:00:00
183,User 183,user183@example.com,Female,21,UK,2023-01-27 00:00:00
184,User 184,user184@example.com,Male,22,UK,2020-02-28 00:00:00
185,User 185,user185@example.com,Male,33,Australia,2023-08-16 00:00:00
186,User 186,user186@example.com,Female,56,India,2020-11-17 00:00:00
187,User 187,user187@example.com,Male,50,India,2023-04-02 00:00:00
188,User 188,user188@example.com,Male,53,UK,2021-02-25 00:00:00
189,User 189,user189@example.com,Female,39,India,2021-05-23 00:00:00
190,User 190,user190@example.com,Female,35,India,2020-11-05 00:00:00
191,User 191,user191@example.com,Female,37,Australia,2022-10-31 00:00:00
192,User 192,user192@example.com,Other,35,Australia,2022-05-30 00:00:00
193,User 193,user193@example.com,Male,41,UK,2023-06-11 00:00:00
194,User 194,user194@example.com,Male,42,India,2021-05-23 00:00:00
195,User 195,user195@example.com,Female,33,Canada,2020-07-16 00:00:00
196,User 196,user196@example.com,Male,47,Australia,2020-08-01 00:00:00
197,User 197,user197@example.com,Female,24,UK,2021-03-06 00:00:00
198,User 198,user198@example.com,Female,37,UK,2020-05-22 00:00:00
199,User 199,user199@example.com,Female,48,Australia,2022-09-08 00:00:00
200,User 200,user200@example.com,Male,40,Canada,2022-03-31 00:00:00
201,User 201,user201@example.com,Female,27,Canada,2021-04-26 00:00:00
202,User 202,user202@example.com,Other,33,USA,2023-01-20 00:00:00
203,User 203,user203@example.com,Female,51,USA,2023-07-07 00:00:00
204,User 204,user204@example.com,Female,28,Canada,2022-12-07 00:00:00
205,User 205,user205@example.com,Other,24,Australia,2023-06-14 00:00:00
206,User 206,user206@example.com,Other,18,UK,2021-03-17 00:00:00
207,User 207,user207@example.com,Male,42,Australia,2020-09-26 00:00:00
208,User 208,user208@example.com,Other,47,UK,2021-11-07 00:00:00
209,User 209,user209@example.com,Male,37,USA,2023-02-10 00:00:00
210,User 210,user210@example.com,Other,27,Australia,2020-05-09 00:00:00
211,User 211,user211@example.com,Male,56,India,2021-10-29 00:00:00
212,User 212,user212@example.com,Male,23,India,2020-12-11 00:00:00
213,User 213,user213@example.com,Male,24,USA,2022-05-10 00:00:00
214,User 214,user214@example.com,Female,18,UK,2020-07-01 00:00:00
215,User 215,user215@example.com,Other,49,USA,2020-03-07 00:00:00
216,User 216,user216@example.com,Female,59,Canada,2023-11-16 00:00:00
217,User 217,user217@example.com,Female,24,India,2021-01-06 00:00:00
218,User 218,user218@example.com,Male,36,Canada,2020-01-28 00:00:00
219,User 219,user219@example.com,Male,47,Australia,2021-10-31 00:00:00
220,User 220,user220@example.com,Other,42,India,2022-10-15 00:00:00
221,User 221,user221@example.com,Other,32,USA,2020-12-10 00:00:00
222,User 222,user222@example.com,Female,38,UK,2022-06-14 00:00:00
223,User 223,user223@example.com,Male,46,Australia,2023-10-18 00:00:00
224,User 224,user224@example.com,Other,30,USA,2023-09-17 00:00:00
225,User 225,user225@example.com,Male,37,Australia,2023-04-22 00:00:00
226,User 226,user226@example.com,Female,47,India,2023-02-13 00:00:00
227,User 227,user227@example.com,Male,32,UK,2023-11-20 00:00:00
228,User 228,user228@example.com,Male,59,Canada,2020-05-29 00:00:00
229,User 229,user229@example.com,Female,58,India,2020-09-12 00:00:00
230,User 230,user230@example.com,Female,27,Canada,2020-08-07 00:00:00
231,User 231,user231@example.com,Female,52,UK,2020-09-12 00:00:00
232,User 232,user232@example.com,Male,40,USA,2023-04-15 00:00:00
233,User 233,user233@example.com,Male,42,Australia,2021-02-26 00:00:00
234,User 234,user234@example.com,Female,20,Australia,2022-07-15 00:00:00
235,User 235,user235@example.com,Female,27,India,2023-08-03 00:00:00
236,User 236,user236@example.com,Other,38,India,2022-08-09 00:00:00
237,User 237,user237@example.com,Other,25,Canada,2023-11-09 00:00:00
238,User 238,user238@example.com,Other,46,USA,2020-08-02 00:00:00
239,User 239,user239@example.com,Other,35,UK,2022-03-29 00:00:00
240,User 240,user240@example.com,Male,38,UK,2022-02-18 00:00:00
241,User 241,user241@example.com,Other,50,Australia,2023-06-20 00:00:00
242,User 242,user242@example.com,Male,28,India,2020-10-01 00:00:00
243,User 243,user243@example.com,Other,30,UK,2022-10-16 00:00:00
244,User 244,user244@example.com,Male,37,USA,2023-02-26 00:00:00
245,User 245,user245@example.com,Female,37,USA,2023-07-06 00:00:00
246,User 246,user246@example.com,Female,42,Australia,2020-08-30 00:00:00
247,User 247,user247@example.com,Other,26,USA,2023-01-17 00:00:00
248,User 248,user248@example.com,Female,39,Canada,2022-10-23 00:00:00
249,User 249,user249@example.com,Female,31,UK,2022-01-18 00:00:00
250,User 250,user250@example.com,Other,40,Canada,2023-03-17 00:00:00
251,User 251,user251@example.com,Other,46,India,2021-10-11 00:00:00
252,User 252,user252@example.com,Male,46,UK,2020-08-22 00:00:00
253,User 253,user253@example.com,Other,33,UK,2022-06-10 00:00:00
254,User 254,user254@example.com,Male,36,UK,2022-01-03 00:00:00
255,User 255,user255@example.com,Other,18,Canada,2020-08-31 00:00:00
256,User 256,user256@example.com,Female,46,Australia,2022-07-08 00:00:00
257,User 257,user257@example.com,Female,50,Canada,2022-07-03 00:00:00
258,User 258,user258@example.com,Male,31,Canada,2020-08-28 00:00:00
259,User 259,user259@example.com,Female,30,Canada,2022-01-31 00:00:00
260,User 260,user260@example.com,Other,35,India,2023-11-28 00:00:00
261,User 261,user261@example.com,Female,52,Australia,2020-10-23 00:00:00
262,User 262,user262@example.com,Male,23,USA,2020-08-21 00:00:00
263,User 263,user263@example.com,Male,32,Canada,2021-03-03 00:00:00
264,User 264,user264@example.com,Other,55,USA,2020-08-13 00:00:00
265,User 265,user265@example.com,Male,18,India,2023-09-29 00:00:00
266,User 266,user266@example.com,Male,31,UK,2023-05-30 00:00:00
267,User 267,user267@example.com,Male,24,UK,2020-08-03 00:00:00
268,User 268,user268@example.com,Other,54,Australia,2023-08-13 00:00:00
269,User 269,user269@example.com,Female,19,Canada,2020-04-03 00:00:00
270,User 270,user270@example.com,Female,59,Canada,2022-10-01 00:00:00
271,User 271,user271@example.com,Male,35,USA,2021-01-30 00:00:00
272,User 272,user272@example.com,Male,23,USA,2021-05-14 00:00:00
273,User 273,user273@example.com,Other,24,USA,2020-08-20 00:00:00
274,User 274,user274@example.com,Female,19,Canada,2023-02-22 00:00:00
275,User 275,user275@example.com,Male,45,India,2022-12-22 00:00:00
276,User 276,user276@example.com,Female,26,India,2023-05-13 00:00:00
277,User 277,user277@example.com,Male,47,India,2021-11-25 00:00:00
278,User 278,user278@example.com,Female,55,India,2020-08-12 00:00:00
279,User 279,user279@example.com,Male,34,Canada,2023-05-05 00:00:00
280,User 280,user280@example.com,Other,26,Australia,2020-12-04 00:00:00
281,User 281,user281@example.com,Other,18,UK,2020-06-30 00:00:00
282,User 282,user282@example.com,Male,46,UK,2022-12-15 00:00:00
283,User 283,user283@example.com,Other,23,Australia,2023-05-22 00:00:00
284,User 284,user284@example.com,Female,48,Canada,2021-11-08 00:00:00
285,User 285,user285@example.com,Other,50,USA,2020-04-17 00:00:00
286,User 286,user286@example.com,Other,29,USA,2023-12-28 00:00:00
287,User 287,user287@example.com,Other,23,USA,2023-11-17 00:00:00
288,User 288,user288@example.com,Male,21,India,2023-10-29 00:00:00
289,User 289,user289@example.com,Female,42,Australia,2022-11-24 00:00:00
290,User 290,user290@example.com,Other,47,UK,2021-11-09 00:00:00
291,User 291,user291@example.com,Male,46,USA,2022-03-02 00:00:00
292,User 292,user292@example.com,Female,41,UK,2023-08-09 00:00:00
293,User 293,user293@example.com,Female,53,Australia,2021-01-10 00:00:00
294,User 294,user294@example.com,Other,50,UK,2023-07-17 00:00:00
295,User 295,user295@example.com,Male,30,USA,2023-11-17 00:00:00
296,User 296,user296@example.com,Other,52,USA,2022-12-06 00:00:00
297,User 297,user297@example.com,Male,23,Australia,2022-09-30 00:00:00
298,User 298,user298@example.com,Other,23,India,2020-04-04 00:00:00
299,User 299,user299@example.com,Other,38,India,2021-07-14 00:00:00
300,User 300,user300@example.com,Male,18,Australia,2022-12-10 00:00:00
301,User 301,user301@example.com,Other,57,Australia,2021-11-17 00:00:00
302,User 302,user302@example.com,Female,42,UK,2021-07-05 00:00:00
303,User 303,user303@example.com,Male,40,USA,2022-06-28 00:00:00
304,User 304,user304@example.com,Male,56,Canada,2020-09-04 00:00:00
305,User 305,user305@example.com,Male,19,Australia,2022-09-07 00:00:00
306,User 306,user306@example.com,Female,20,USA,2022-11-22 00:00:00
307,User 307,user307@example.com,Other,32,UK,2020-12-18 00:00:00
308,User 308,user308@example.com,Other,44,USA,2021-02-08 00:00:00
309,User 309,user309@example.com,Male,27,USA,2021-09-23 00:00:00
310,User 310,user310@example.com,Other,31,USA,2023-09-29 00:00:00
311,User 311,user311@example.com,Other,25,USA,2023-01-15 00:00:00
312,User 312,user312@example.com,Female,24,UK,2020-05-30 00:00:00
313,User 313,user313@example.com,Other,38,India,2021-11-19 00:00:00
314,User 314,user314@example.com,Male,40,Australia,2022-06-12 00:00:00
315,User 315,user315@example.com,Other,50,USA,2023-11-26 00:00:00
316,User 316,user316@example.com,Male,55,UK,2023-07-18 00:00:00
317,User 317,user317@example.com,Other,52,USA,2023-10-29 00:00:00
318,User 318,user318@example.com,Male,43,Canada,2020-07-04 00:00:00
319,User 319,user319@example.com,Female,51,UK,2022-09-26 00:00:00
320,User 320,user320@example.com,Other,50,Australia,2020-05-29 00:00:00
321,User 321,user321@example.com,Female,45,Canada,2023-08-29 00:00:00
322,User 322,user322@example.com,Male,53,India,2021-05-22 00:00:00
323,User 323,user323@example.com,Female,57,Canada,2020-07-19 00:00:00
324,User 324,user324@example.com,Female,33,USA,2023-10-19 00:00:00
325,User 325,user325@example.com,Female,32,USA,2020-08-12 00:00:00
326,User 326,user326@example.com,Other,36,Australia,2022-03-10 00:00:00
327,User 327,user327@example.com,Female,22,USA,2022-07-28 00:00:00
328,User 328,user328@example.com,Female,52,Australia,2020-12-04 00:00:00
329,User 329,user329@example.com,Other,26,USA,2020-03-24 00:00:00
330,User 330,user330@example.com,Female,50,Australia,2023-12-01 00:00:00
331,User 331,user331@example.com,Female,47,Canada,2020-02-05 00:00:00
332,User 332,user332@example.com,Other,33,Canada,2020-10-06 00:00:00
333,User 333,user333@example.com,Other,47,UK,2022-04-17 00:00:00
334,User 334,user334@example.com,Female,53,USA,2023-06-28 00:00:00
335,User 335,user335@example.com,Female,58,Canada,2022-10-18 00:00:00
336,User 336,user336@example.com,Other,24,India,2021-05-15 00:00:00
337,User 337,user337@example.com,Other,23,USA,2020-07-30 00:00:00
338,User 338,user338@example.com,Other,52,USA,2020-08-06 00:00:00
339,User 339,user339@example.com,Male,26,Australia,2023-08-10 00:00:00
340,User 340,user340@example.com,Female,55,USA,2023-09-03 00:00:00
341,User 341,user341@example.com,Male,42,USA,2021-02-07 00:00:00
342,User 342,user342@example.com,Other,18,India,2020-03-27 00:00:00
343,User 343,user343@example.com,Other,55,USA,2023-09-29 00:00:00
344,User 344,user344@example.com,Other,18,Australia,2023-02-24 00:00:00
345,User 345,user345@example.com,Other,19,USA,2020-02-08 00:00:00
346,User 346,user346@example.com,Other,24,Canada,2022-02-06 00:00:00
347,User 347,user347@example.com,Male,51,UK,2022-03-01 00:00:00
348,User 348,user348@example.com,Female,44,India,2022-12-15 00:00:00
349,User 349,user349@example.com,Male,41,USA,2023-12-08 00:00:00
350,User 350,user350@example.com,Male,28,UK,2023-06-12 00:00:00
351,User 351,user351@example.com,Male,41,Australia,2020-06-30 00:00:00
352,User 352,user352@example.com,Other,28,India,2021-10-10 00:00:00
353,User 353,user353@example.com,Female,30,India,2023-09-13 00:00:00
354,User 354,user354@example.com,Female,46,Australia,2023-09-18 00:00:00
355,User 355,user355@example.com,Female,31,India,2021-06-30 00:00:00
356,User 356,user356@example.com,Female,27,Australia,2022-07-11 00:00:00
357,User 357,user357@example.com,Other,42,Canada,2023-06-27 00:00:00
358,User 358,user358@example.com,Female,21,USA,2022-01-31 00:00:00
359,User 359,user359@example.com,Other,28,Australia,2021-11-08 00:00:00
360,User 360,user360@example.com,Male,58,Australia,2022-05-09 00:00:00
361,User 361,user361@example.com,Male,50,Canada,2020-05-10 00:00:00
362,User 362,user362@example.com,Female,56,India,2022-08-02 00:00:00
363,User 363,user363@example.com,Male,43,Canada,2021-04-01 00:00:00
364,User 364,user364@example.com,Male,22,UK,2020-02-18 00:00:00
365,User 365,user365@example.com,Male,56,USA,2022-03-17 00:00:00
366,User 366,user366@example.com,Male,47,Australia,2022-08-21 00:00:00
367,User 367,user367@example.com,Other,28,UK,2021-07-27 00:00:00
368,User 368,user368@example.com,Other,42,Australia,2022-03-17 00:00:00
369,User 369,user369@example.com,Female,33,Canada,2020-01-06 00:00:00
370,User 370,user370@example.com,Other,37,Australia,2023-09-20 00:00:00
371,User 371,user371@example.com,Other,41,Canada,2021-12-11 00:00:00
372,User 372,user372@example.com,Other,29,Canada,2020-09-03 00:00:00
373,User 373,user373@example.com,Male,55,Australia,2020-04-15 00:00:00
374,User 374,user374@example.com,Female,47,India,2022-05-24 00:00:00
375,User 375,user375@example.com,Male,39,India,2021-02-05 00:00:00
376,User 376,user376@example.com,Other,50,USA,2021-03-26 00:00:00
377,User 377,user377@example.com,Male,42,India,2021-04-19 00:00:00
378,User 378,user378@example.com,Male,57,Australia,2020-08-18 00:00:00
379,User 379,user379@example.com,Male,19,UK,2020-11-26 00:00:00
380,User 380,user380@example.com,Male,40,USA,2023-05-02 00:00:00
381,User 381,user381@example.com,Male,36,USA,2020-06-28 00:00:00
382,User 382,user382@example.com,Other,39,USA,2022-11-15 00:00:00
383,User 383,user383@example.com,Female,31,USA,2020-03-29 00:00:00
384,User 384,user384@example.com,Other,21,UK,2020-06-20 00:00:00
385,User 385,user385@example.com,Other,48,Australia,2020-03-11 00:00:00
386,User 386,user386@example.com,Male,39,UK,2022-08-30 00:00:00
387,User 387,user387@example.com,Other,49,Australia,2022-11-22 00:00:00
388,User 388,user388@example.com,Other,19,USA,2021-04-22 00:00:00
389,User 389,user389@example.com,Other,39,USA,2022-06-10 00:00:00
390,User 390,user390@example.com,Other,46,Australia,2022-07-15 00:00:00
391,User 391,user391@example.com,Other,34,India,2022-03-30 00:00:00
392,User 392,user392@example.com,Female,36,Australia,2021-07-07 00:00:00
393,User 393,user393@example.com,Male,24,Australia,2020-06-04 00:00:00
394,User 394,user394@example.com,Other,20,UK,2020-07-19 00:00:00
395,User 395,user395@example.com,Male,54,UK,2021-03-31 00:00:00
396,User 396,user396@example.com,Female,36,Canada,2023-07-20 00:00:00
397,User 397,user397@example.com,Male,49,Australia,2023-07-31 00:00:00
398,User 398,user398@example.com,Female,29,USA,2021-02-17 00:00:00
399,User 399,user399@example.com,Other,49,India,2021-08-22 00:00:00
400,User 400,user400@example.com,Male,35,UK,2022-01-14 00:00:00
401,User 401,user401@example.com,Other,47,Australia,2022-06-08 00:00:00
402,User 402,user402@example.com,Male,48,Australia,2020-07-23 00:00:00
403,User 403,user403@example.com,Female,54,Canada,2020-10-28 00:00:00
404,User 404,user404@example.com,Female,45,India,2023-07-17 00:00:00
405,User 405,user405@example.com,Other,43,India,2023-10-29 00:00:00
406,User 406,user406@example.com,Female,50,USA,2021-06-05 00:00:00
407,User 407,user407@example.com,Female,26,USA,2022-05-15 00:00:00
408,User 408,user408@example.com,Other,41,USA,2020-02-17 00:00:00
409,User 409,user409@example.com,Female,18,Australia,2022-06-04 00:00:00
410,User 410,user410@example.com,Male,39,Canada,2021-06-16 00:00:00
411,User 411,user411@example.com,Other,47,Canada,2020-12-20 00:00:00
412,User 412,user412@example.com,Other,26,India,2021-09-29 00:00:00
413,User 413,user413@example.com,Other,28,Canada,2020-10-05 00:00:00
414,User 414,user414@example.com,Female,41,UK,2020-04-13 00:00:00
415,User 415,user415@example.com,Male,55,Canada,2020-10-24 00:00:00
416,User 416,user416@example.com,Male,19,UK,2023-10-13 00:00:00
417,User 417,user417@example.com,Female,32,India,2020-03-19 00:00:00
418,User 418,user418@example.com,Male,51,Australia,2023-02-05 00:00:00
419,User 419,user419@example.com,Female,29,Australia,2022-05-03 00:00:00
420,User 420,user420@example.com,Female,29,USA,2023-03-24 00:00:00
421,User 421,user421@example.com,Female,18,Australia,2022-01-11 00:00:00
422,User 422,user422@example.com,Female,34,Australia,2021-10-07 00:00:00
423,User 423,user423@example.com,Other,37,Canada,2022-01-08 00:00:00
424,User 424,user424@example.com,Other,55,USA,2021-10-30 00:00:00
425,User 425,user425@example.com,Female,20,Australia,2020-12-17 00:00:00
426,User 426,user426@example.com,Female,19,India,2021-09-05 00:00:00
427,User 427,user427@example.com,Female,41,USA,2021-09-21 00:00:00
428,User 428,user428@example.com,Female,39,UK,2022-10-09 00:00:00
429,User 429,user429@example.com,Male,36,Australia,2021-06-05 00:00:00
430,User 430,user430@example.com,Male,54,Canada,2023-11-22 00:00:00
431,User 431,user431@example.com,Female,52,Australia,2023-01-10 00:00:00
432,User 432,user432@example.com,Female,50,India,2021-06-30 00:00:00
433,User 433,user433@example.com,Other,48,Australia,2021-01-19 00:00:00
434,User 434,user434@example.com,Male,18,USA,2022-12-20 00:00:00
435,User 435,user435@example.com,Other,24,UK,2023-10-29 00:00:00
436,User 436,user436@example.com,Male,36,Australia,2021-10-18 00:00:00
437,User 437,user437@example.com,Male,22,India,2022-06-16 00:00:00
438,User 438,user438@example.com,Other,30,Canada,2020-11-02 00:00:00
439,User 439,user439@example.com,Other,47,UK,2020-06-21 00:00:00
440,User 440,user440@example.com,Female,59,India,2022-05-16 00:00:00
441,User 441,user441@example.com,Male,34,Australia,2022-10-17 00:00:00
442,User 442,user442@example.com,Other,29,India,2020-01-15 00:00:00
443,User 443,user443@example.com,Other,29,India,2021-08-21 00:00:00
444,User 444,user444@example.com,Male,55,Canada,2022-04-12 00:00:00
445,User 445,user445@example.com,Male,38,UK,2020-07-30 00:00:00
446,User 446,user446@example.com,Female,20,Canada,2022-09-05 00:00:00
447,User 447,user447@example.com,Female,37,India,2023-02-27 00:00:00
448,User 448,user448@example.com,Other,29,India,2020-09-04 00:00:00
449,User 449,user449@example.com,Male,22,Australia,2022-02-13 00:00:00
450,User 450,user450@example.com,Other,54,USA,2021-01-28 00:00:00
451,User 451,user451@example.com,Other,38,UK,2022-10-03 00:00:00
452,User 452,user452@example.com,Female,18,Australia,2021-04-13 00:00:00
453,User 453,user453@example.com,Other,27,UK,2020-10-29 00:00:00
454,User 454,user454@example.com,Other,36,Canada,2020-09-25 00:00:00
455,User 455,user455@example.com,Other,57,USA,2020-12-03 00:00:00
456,User 456,user456@example.com,Male,28,Canada,2020-06-12 00:00:00
457,User 457,user457@example.com,Other,21,Canada,2022-07-28 00:00:00
458,User 458,user458@example.com,Female,18,Australia,2021-04-26 00:00:00
459,User 459,user459@example.com,Male,52,Australia,2021-08-28 00:00:00
460,User 460,user460@example.com,Male,49,USA,2023-07-21 00:00:00
461,User 461,user461@example.com,Female,53,UK,2023-12-14 00:00:00
462,User 462,user462@example.com,Male,41,India,2022-10-17 00:00:00
463,User 463,user463@example.com,Female,39,UK,2023-06-30 00:00:00
464,User 464,user464@example.com,Male,57,USA,2020-09-19 00:00:00
465,User 465,user465@example.com,Other,30,India,2020-06-15 00:00:00
466,User 466,user466@example.com,Female,27,India,2023-08-14 00:00:00
467,User 467,user467@example.com,Other,42,Australia,2023-06-21 00:00:00
468,User 468,user468@example.com,Female,23,UK,2021-02-01 00:00:00
469,User 469,user469@example.com,Other,56,USA,2022-10-14 00:00:00
470,User 470,user470@example.com,Female,23,UK,2020-02-10 00:00:00
471,User 471,user471@example.com,Male,23,India,2023-06-27 00:00:00
472,User 472,user472@example.com,Other,25,Canada,2023-03-06 00:00:00
473,User 473,user473@example.com,Male,44,UK,2020-09-25 00:00:00
474,User 474,user474@example.com,Female,18,UK,2023-10-22 00:00:00
475,User 475,user475@example.com,Male,57,Canada,2021-09-19 00:00:00
476,User 476,user476@example.com,Male,32,Australia,2023-07-23 00:00:00
477,User 477,user477@example.com,Male,50,India,2023-10-04 00:00:00
478,User 478,user478@example.com,Male,53,UK,2023-09-11 00:00:00
479,User 479,user479@example.com,Other,36,UK,2022-10-27 00:00:00
480,User 480,user480@example.com,Other,59,India,2021-10-03 00:00:00
481,User 481,user481@example.com,Male,52,India,2020-12-03 00:00:00
482,User 482,user482@example.com,Other,18,USA,2023-12-04 00:00:00
483,User 483,user483@example.com,Female,33,India,2020-09-23 00:00:00
484,User 484,user484@example.com,Male,44,Australia,2021-05-09 00:00:00
485,User 485,user485@example.com,Female,20,Australia,2020-12-26 00:00:00
486,User 486,user486@example.com,Male,41,USA,2022-01-22 00:00:00
487,User 487,user487@example.com,Male,57,Canada,2020-10-07 00:00:00
488,User 488,user488@example.com,Female,30,Australia,2020-06-19 00:00:00
489,User 489,user489@example.com,Male,32,India,2020-05-04 00:00:00
490,User 490,user490@example.com,Other,30,Canada,2023-07-06 00:00:00
491,User 491,user491@example.com,Male,41,Canada,2020-07-23 00:00:00
492,User 492,user492@example.com,Other,33,Canada,2023-12-10 00:00:00
493,User 493,user493@example.com,Male,30,Australia,2020-08-31 00:00:00
494,User 494,user494@example.com,Female,46,Canada,2020-02-24 00:00:00
495,User 495,user495@example.com,Female,50,India,2020-01-07 00:00:00
496,User 496,user496@example.com,Female,47,UK,2022-04-18 00:00:00
497,User 497,user497@example.com,Other,32,USA,2023-08-21 00:00:00
498,User 498,user498@example.com,Other,27,UK,2022-10-01 00:00:00
499,User 499,user499@example.com,Male,45,Australia,2020-02-07 00:00:00
500,User 500,user500@example.com,Male,29,India,2021-06-28 00:00:00
